{
    "none_C32_H32_W32_bs2": {
        "avg_inference_time_per_batch": 1.553058624267578e-05,
        "avg_inference_time_per_sample": 7.76529312133789e-06,
        "emissions": 5.605410495465861e-08,
        "energy": 1.178971981319944e-07,
        "power": 273.2864726695947,
        "macs": 5,
        "total_time": 0.0015530586242675781,
        "runs": 100,
        "batch_size": 2
    },
    "max_pool_3x3_C32_H32_W32_bs2": {
        "avg_inference_time_per_batch": 5.8698654174804685e-05,
        "avg_inference_time_per_sample": 2.9349327087402342e-05,
        "emissions": 8.495404607812762e-08,
        "energy": 1.7868172207350865e-07,
        "power": 109.5858514147563,
        "macs": 0,
        "total_time": 0.005869865417480469,
        "runs": 100,
        "batch_size": 2
    },
    "avg_pool_3x3_C32_H32_W32_bs2": {
        "avg_inference_time_per_batch": 5.939245223999024e-05,
        "avg_inference_time_per_sample": 2.969622611999512e-05,
        "emissions": 8.657800271710793e-08,
        "energy": 1.820973494888157e-07,
        "power": 110.37605511064251,
        "macs": 262144,
        "total_time": 0.0059392452239990234,
        "runs": 100,
        "batch_size": 2
    },
    "skip_connect_C32_H32_W32_bs2": {
        "avg_inference_time_per_batch": 3.509521484375e-06,
        "avg_inference_time_per_sample": 1.7547607421875e-06,
        "emissions": 1.781050510427743e-08,
        "energy": 3.7460390292707373e-08,
        "power": 384.2615172870579,
        "macs": 5,
        "total_time": 0.0003509521484375,
        "runs": 100,
        "batch_size": 2
    },
    "sep_conv_3x3_C32_H32_W32_bs2": {
        "avg_inference_time_per_batch": 0.00021457910537719726,
        "avg_inference_time_per_sample": 0.00010728955268859863,
        "emissions": 2.7481269745090756e-07,
        "energy": 5.780066788465378e-07,
        "power": 96.97235153393736,
        "macs": 2686976,
        "total_time": 0.021457910537719727,
        "runs": 100,
        "batch_size": 2
    },
    "sep_conv_5x5_C32_H32_W32_bs2": {
        "avg_inference_time_per_batch": 0.00020461082458496095,
        "avg_inference_time_per_sample": 0.00010230541229248047,
        "emissions": 2.6198331328170386e-07,
        "energy": 5.510229557359546e-07,
        "power": 96.94905656497895,
        "macs": 3735552,
        "total_time": 0.020461082458496094,
        "runs": 100,
        "batch_size": 2
    },
    "dil_conv_3x3_C32_H32_W32_bs2": {
        "avg_inference_time_per_batch": 0.00011289119720458984,
        "avg_inference_time_per_sample": 5.644559860229492e-05,
        "emissions": 1.5072412789562588e-07,
        "energy": 3.1701429153416217e-07,
        "power": 101.09304159957864,
        "macs": 1343488,
        "total_time": 0.011289119720458984,
        "runs": 100,
        "batch_size": 2
    },
    "dil_conv_5x5_C32_H32_W32_bs2": {
        "avg_inference_time_per_batch": 0.00010977745056152344,
        "avg_inference_time_per_sample": 5.488872528076172e-05,
        "emissions": 1.4714122637742288e-07,
        "energy": 3.0947846430936415e-07,
        "power": 101.48919161584233,
        "macs": 1867776,
        "total_time": 0.010977745056152344,
        "runs": 100,
        "batch_size": 2
    },
    "snn_multistep_3x3_C32_H32_W32_bs2": {
        "avg_inference_time_per_batch": 0.0013384652137756348,
        "avg_inference_time_per_sample": 0.0006692326068878174,
        "emissions": 2.874475331931538e-06,
        "energy": 6.0458121311256055e-06,
        "power": 162.61105218159676,
        "macs": 891476,
        "total_time": 0.13384652137756348,
        "runs": 100,
        "batch_size": 2
    },
    "snn_multistep_5x5_C32_H32_W32_bs2": {
        "avg_inference_time_per_batch": 0.0035445857048034667,
        "avg_inference_time_per_sample": 0.0017722928524017334,
        "emissions": 7.363566524596877e-06,
        "energy": 1.548760545210291e-05,
        "power": 157.29730995645906,
        "macs": 1381903,
        "total_time": 0.3544585704803467,
        "runs": 100,
        "batch_size": 2
    }
}